[
  {
    "id": 1,
    "name": "Хачапури по-аджарски",
    "description": "Лодочка из теста с сыром сулугуни и яйцом",
    "price": 450,
    "category": "bread"
  },
  {
    "id": 2,
    "name": "Хачапури по-мегрельски",
    "description": "Сдобная лепешка с двойной порцией сыра",
    "price": 420,
    "category": "bread"
  },
  {
    "id": 3,
    "name": "Пхали",
    "description": "Овощная закуска из шпината, грецких орехов и специй",
    "price": 320,
    "category": "appetizer"
  },
  {
    "id": 4,
    "name": "Лобио",
    "description": "Традиционная фасолевая закуска с грецкими орехами и кинзой",
    "price": 290,
    "category": "appetizer"
  },
  {
    "id": 5,
    "name": "Хинкали",
    "description": "8 шт. Свинина и говядина с бульоном и специями",
    "price": 480,
    "category": "main"
  },
  {
    "id": 6,
    "name": "Чанахи",
    "description": "Баранина, тушенная с баклажанами, картофелем и томатами",
    "price": 620,
    "category": "main"
  },
  {
    "id": 7,
    "name": "Сациви",
    "description": "Курица в ореховом соусе с чесноком и специями",
    "price": 520,
    "category": "main"
  },
  {
    "id": 8,
    "name": "Чурчхела",
    "description": "Традиционная грузинская сладость из орехов в виноградном соке",
    "price": 280,
    "category": "dessert"
  },
  {
    "id": 9,
    "name": "Пеламуши",
    "description": "Десерт из виноградного сока и кукурузной муки",
    "price": 240,
    "category": "dessert"
  },
  {
    "id": 10,
    "name": "Лимонад Тархун",
    "description": "Освежающий грузинский лимонад",
    "price": 180,
    "category": "drinks"
  }
]